{
  "timestamp": 1742614380130,
  "devices": [
    {
      "id": "device-001",
      "name": "温度传感器 1",
      "type": "temperature",
      "value": "21.7",
      "unit": "°C",
      "status": "online"
    },
    {
      "id": "device-002",
      "name": "湿度传感器 1",
      "type": "humidity",
      "value": "51.3",
      "unit": "%",
      "status": "online"
    },
    {
      "id": "device-003",
      "name": "光照传感器 1",
      "type": "light",
      "value": 588,
      "unit": "lux",
      "status": "online"
    }
  ],
  "system": {
    "cpu": 40,
    "memory": 58,
    "storage": 28,
    "network": "connected"
  }
}